{
  "1-1-1": [
    1419.0885,
    148.04196,
    -392.419
  ],
  "1-1-2": [
    1423.5548,
    148.04231,
    -424.686
  ],
  "1-1-3": [
    1410.7599,
    148.04143,
    -405.8
  ],
  "1-1-4": [
    1436.2668,
    148.04524,
    -363.392
  ],
  "1-1-5": [
    1474.9999,
    148.89914,
    -374.137
  ],
  "1-1-6": [
    1520.5872,
    149.44374,
    -411.826
  ],
  "1-1-7": [
    1501.5801,
    149.63086,
    -367.817
  ],
  "1-1-8": [
    1557.1927,
    150.11078,
    -360.717
  ],
  "1-1-9": [
    1551.4225,
    150.02913,
    -425.722
  ],
  "1-1-10": [
    1519.4225,
    148.06494,
    -451.194
  ],
  "1-2-1": [
    1252.0518,
    207.55095,
    -221.877
  ],
  "1-2-2": [
    1313.0358,
    204.323,
    -241.057
  ],
  "1-2-3": [
    1290.7479,
    203.124,
    -301.168
  ],
  "1-2-4": [
    1201.3002,
    204.66898,
    -183.835
  ],
  "1-2-5": [
    1097.1854,
    203.698,
    -188.816
  ],
  "1-2-6": [
    1065.7256,
    201.902,
    -191.272
  ],
  "1-2-7": [
    1040.294,
    201.90895,
    -187.294
  ],
  "1-2-8": [
    1148.3553,
    209.452,
    -199.242
  ],
  "1-2-9": [
    1226.7849,
    214.984,
    -265.716
  ],
  "1-2-10": [
    1170.309,
    205.28,
    -254.834
  ],
  "1-3-1": [
    1071.7174,
    158.448,
    -537.391
  ],
  "1-3-2": [
    1068.6727,
    157.11052,
    -559.047
  ],
  "1-3-3": [
    1045.4989,
    157.17328,
    -587.088
  ],
  "1-3-4": [
    1042.2764,
    148.613,
    -650.751
  ],
  "1-3-5": [
    1081.3931,
    148.90382,
    -653.637
  ],
  "1-3-6": [
    1097.4799,
    151.877,
    -609.471
  ],
  "1-3-7": [
    1117.448,
    155.383,
    -556.081
  ],
  "1-3-8": [
    1129.0808,
    152.026,
    -597.758
  ],
  "1-3-9": [
    1142.7708,
    148.772,
    -648.766
  ],
  "1-3-10": [
    1170.9624,
    151.894,
    -600.95
  ],
  "2-1-1": [
    1016.33624,
    177.33165,
    -1203.594
  ],
  "2-1-2": [
    1017.16254,
    176.99893,
    -1232.061
  ],
  "2-1-3": [
    1015.6817,
    176.396,
    -1283.585
  ],
  "2-1-4": [
    1019.1868,
    176.9319,
    -1366.998
  ],
  "2-1-5": [
    1067.5999,
    177.03183,
    -1307.764
  ],
  "2-1-6": [
    1080.762,
    176.45879,
    -1299.979
  ],
  "2-1-7": [
    1084.4038,
    175.94942,
    -1292.7058
  ],
  "2-1-8": [
    1080.5182,
    177.6765,
    -1212.065
  ],
  "2-1-9": [
    1071.9427,
    177.73576,
    -1205.551
  ],
  "2-1-10": [
    1062.274,
    177.99489,
    -1203.383
  ],
  "2-2-1": [
    1279.485,
    164.97044,
    -1339.863
  ],
  "2-2-2": [
    1291.714,
    164.386,
    -1329.968
  ],
  "2-2-3": [
    1310.1156,
    159.7946,
    -1352.672
  ],
  "2-2-4": [
    1337.0566,
    160.20302,
    -1343.9703
  ],
  "2-2-5": [
    1423.9888,
    163.9035,
    -1330.431
  ],
  "2-2-6": [
    1325.1428,
    199.81642,
    -1261.2911
  ],
  "2-2-7": [
    1372.0631,
    202.06894,
    -1274.734
  ],
  "2-2-8": [
    1416.4108,
    200.187,
    -1259.088
  ],
  "2-2-9": [
    1349.3671,
    198.255,
    -1218.78
  ],
  "2-2-10": [
    1405.794,
    199.52132,
    -1219.589
  ],
  "2-3-1": [
    1327.8322,
    259.53726,
    -1075.392
  ],
  "2-3-2": [
    1307.8423,
    275.27484,
    -1067.1046
  ],
  "2-3-3": [
    1290.0579,
    275.1577,
    -1051.824
  ],
  "2-3-4": [
    1277.651,
    275.18298,
    -1076.735
  ],
  "2-3-5": [
    1246.5325,
    265.143,
    -1065.547
  ],
  "2-3-6": [
    1123.7737,
    286.91684,
    -1069.353
  ],
  "2-3-7": [
    1096.5541,
    286.84732,
    -1093.816
  ],
  "2-3-8": [
    1094.2689,
    286.9964,
    -1141.195
  ],
  "2-3-9": [
    1117.3457,
    268.95337,
    -1171.502
  ],
  "2-3-10": [
    1156.5371,
    269.36856,
    -1174.2267
  ],
  "3-1-1": [
    828.9771,
    149.972,
    -784.436
  ],
  "3-1-2": [
    831.9324,
    151.004,
    -756.284
  ],
  "3-1-3": [
    884.82874,
    149.97223,
    -750.833
  ],
  "3-1-4": [
    898.41235,
    158.10477,
    -686.125
  ],
  "3-1-5": [
    902.8407,
    163.03687,
    -620.0809
  ],
  "3-1-6": [
    981.9706,
    188.56688,
    -750.6608
  ],
  "3-1-7": [
    932.3204,
    142.118,
    -898.17
  ],
  "3-1-8": [
    981.9546,
    188.48013,
    -811.596
  ],
  "3-1-9": [
    890.2766,
    150.784,
    -985.77
  ],
  "3-1-10": [
    912.5114,
    150.193,
    -988.018
  ],
  "3-2-1": [
    878.6087,
    155.1415,
    -576.183
  ],
  "3-2-2": [
    951.52997,
    150.0134,
    -546.3993
  ],
  "3-2-3": [
    903.09827,
    149.94165,
    -544.509
  ],
  "3-2-4": [
    866.2156,
    150.29373,
    -523.223
  ],
  "3-2-5": [
    942.8039,
    169.0707,
    -513.136
  ],
  "3-2-6": [
    934.25195,
    149.98552,
    -485.86
  ],
  "3-2-7": [
    922.212,
    151.06136,
    -429.567
  ],
  "3-2-8": [
    882.4181,
    157.063,
    -444.072
  ],
  "3-2-9": [
    850.69867,
    165.334,
    -445.865
  ],
  "3-2-10": [
    818.0774,
    165.782,
    -474.72
  ],
  "3-3-1": [
    356.08408,
    301.2941,
    -877.756
  ],
  "3-3-2": [
    348.9274,
    298.0795,
    -829.235
  ],
  "3-3-3": [
    517.80237,
    266.99832,
    -918.032
  ],
  "3-3-4": [
    469.88144,
    267.063,
    -869.483
  ],
  "3-3-5": [
    522.4888,
    238.50424,
    -805.429
  ],
  "3-3-6": [
    551.46576,
    255.54094,
    -785.36536
  ],
  "3-3-7": [
    607.04755,
    260.4361,
    -740.397
  ],
  "3-3-8": [
    271.7786,
    300.326,
    -833.105
  ],
  "3-3-9": [
    226.70793,
    300.56793,
    -867.474
  ],
  "3-3-10": [
    228.09012,
    300.0921,
    -835.308
  ],
  "4-1-1": [
    752.41907,
    230.08,
    -1106.215
  ],
  "4-1-2": [
    772.03986,
    228.604,
    -1146.407
  ],
  "4-1-3": [
    723.7713,
    233.19969,
    -1101.199
  ],
  "4-1-4": [
    734.70514,
    231.57997,
    -1165.252
  ],
  "4-1-5": [
    664.11035,
    248.67715,
    -1136.347
  ],
  "4-1-6": [
    716.94745,
    238.61479,
    -1145.314
  ],
  "4-1-7": [
    826.9544,
    202.50842,
    -1119.797
  ],
  "4-1-8": [
    856.4173,
    206.696,
    -1174.174
  ],
  "4-1-9": [
    856.0273,
    206.48924,
    -1200.9009
  ],
  "4-1-10": [
    803.82336,
    205.7457,
    -1216.426
  ],
  "4-2-1": [
    435.86853,
    325.98355,
    -1231.285
  ],
  "4-2-2": [
    458.79648,
    326.27008,
    -1219.4116
  ],
  "4-2-3": [
    586.4578,
    286.57764,
    -1056.789
  ],
  "4-2-4": [
    563.712,
    289.362,
    -1070.082
  ],
  "4-2-5": [
    579.3643,
    289.27164,
    -1128.282
  ],
  "4-2-6": [
    536.32513,
    278.26904,
    -1020.43
  ],
  "4-2-7": [
    513.385,
    281.471,
    -1031.214
  ],
  "4-2-8": [
    573.46356,
    288.49515,
    -1102.983
  ],
  "4-2-9": [
    453.9,
    337.06,
    -1202.554
  ],
  "4-2-10": [
    428.5264,
    322.2193,
    -1267.844
  ],
  "4-3-1": [
    922.1982,
    189.046,
    -1274.857
  ],
  "4-3-2": [
    902.9876,
    192.69,
    -1233.6
  ],
  "4-3-3": [
    951.04846,
    175.43738,
    -1232.478
  ],
  "4-3-4": [
    952.11365,
    179.21931,
    -1288.004
  ],
  "4-3-5": [
    943.5256,
    183.9302,
    -1306.7241
  ],
  "4-3-6": [
    936.4061,
    186.04524,
    -1335.4731
  ],
  "4-3-7": [
    868.5423,
    188.25282,
    -1316.318
  ],
  "4-3-8": [
    949.6805,
    159.84758,
    -1211.751
  ],
  "4-3-9": [
    952.7789,
    150.00853,
    -1122.505
  ],
  "4-3-10": [
    852.7681,
    151.34383,
    -1026.714
  ],
  "5-1-1": [
    1488.781,
    151.268,
    -605.567
  ],
  "5-1-2": [
    1496.3743,
    154.41519,
    -643.133
  ],
  "5-1-3": [
    1494.8785,
    153.89922,
    -707.701
  ],
  "5-1-4": [
    1465.9845,
    149.88274,
    -765.671
  ],
  "5-1-5": [
    1560.1207,
    147.83495,
    -632.298
  ],
  "5-1-6": [
    1555.1918,
    151.00336,
    -686.377
  ],
  "5-1-7": [
    1528.208,
    145.2794,
    -755.519
  ],
  "5-1-8": [
    1581.8339,
    142.91824,
    -738.862
  ],
  "5-1-9": [
    1626.1547,
    144.838,
    -711.239
  ],
  "5-1-10": [
    1613.0289,
    148.751,
    -600.219
  ],
  "5-2-1": [
    1818.1382,
    154.51,
    -921.299
  ],
  "5-2-2": [
    1806.861,
    147.04924,
    -879.711
  ],