{
  "1-1-1": [ 846.22974, 114.42846, -373.968 ],
  "1-1-2": [ 798.17694, 102.75056, -313.234 ],
  "1-1-3": [ 855.7787, 106.48179, -311.674 ],
  "1-1-4": [ 955.532, 111.424126, -366.255 ],
  "1-1-5": [ 913.2011, 112.501, -356.487 ],
  "1-1-6": [ 960.9623, 101.56054, -285.189 ],
  "1-1-7": [ 805.8575, 103.86321, -354.653 ],
  "1-1-8": [ 846.04346, 113.85453, -287.311 ],
  "1-1-9": [ 1105.3696, 106.750145, -323.601 ],
  "1-1-10": [ 1148.1714, 100.16275, -332.825 ],
  "1-2-1": [ 1179.6296, 101.030785, -382.894 ],
  "1-2-2": [ 1268.2388, 108.53412, -330.397 ],
  "1-2-3": [ 1246.5443, 104.10581, -384.231 ],
  "1-2-4": [ 1191.881, 102.28596, -402.861 ],
  "1-2-5": [ 1240.0948, 101.69444, -410.854 ],
  "1-2-6": [ 1290.227, 104.82199, -330.201 ],
  "1-2-7": [ 1365.0533, 101.67295, -338.251 ],
  "1-2-8": [ 1462.4418, 101.502815, -313.63 ],
  "1-2-9": [ 1476.6232, 101.814926, -305.544 ],
  "1-2-10": [ 1205.9265, 108.37691, -360.001 ],
  "2-1-1": [ 1030.3679, 150.07591, -623.21606 ],
  "2-1-2": [ 1018.43555, 140.467, -602.084 ],
  "2-1-3": [ 998.1105, 137.87343, -537.874 ],
  "2-1-4": [ 968.794, 145.48723, -532.609 ],
  "2-1-5": [ 980.14075, 149.76472, -572.076 ],
  "2-1-6": [ 927.0305, 154.8074, -525.698 ],
  "2-1-7": [ 868.3758, 161.64398, -540.436 ],
  "2-1-8": [ 826.0617, 169.97195, -622.549 ],
  "2-1-9": [ 791.4233, 169.97707, -605.06 ],
  "2-1-10": [ 808.4578, 167.98035, -561.419 ],
  "2-1-11": [ 777.91656, 165.38742, -513.138 ],
  "2-1-12": [ 755.0171, 152.91103, -477.354 ],
  "2-1-13": [ 819.39417, 160.01215, -449.342 ],
  "2-1-14": [ 896.1016, 145.6066, -476.972 ],
  "2-1-15": [ 935.18195, 133.67989, -402.373 ],
  "2-1-16": [ 889.71594, 146.00702, -415.899 ],
  "2-1-17": [ 955.3469, 129.68285, -466.468 ],
  "2-1-18": [ 1013.7858, 120.823044, -437.832 ],
  "2-1-19": [ 1048.2728, 113.41807, -454.329 ],
  "2-1-20": [ 1041.8424, 115.785736, -399.116 ],
  "3-1-1": [ 1166.2239, 148.64473, -621.404 ],
  "3-1-2": [ 1172.457, 162.74866, -660.805 ],
  "3-1-3": [ 1223.5143, 136.7581, -586.718 ],
  "3-1-4": [ 1368.7694, 109.872635, -455.703 ],
  "3-1-5": [ 1239.3713, 109.246826, -521.259 ],
  "3-1-6": [ 1317.0145, 121.572, -521.628 ],
  "3-1-7": [ 1250.6053, 175.478, -630.383 ],
  "3-1-8": [ 1252.2467, 136.92429, -549.994 ],
  "3-1-9": [ 1229.5754, 178.855, -665.744 ],
  "3-1-10": [ 1304.6097, 148.9432, -622.814 ],
  "3-1-11": [ 1280.2036, 158.64078, -672.833 ],
  "3-1-12": [ 1349.3269, 162.84607, -664.68 ],
  "3-1-13": [ 1377.0212, 137.46648, -587.322 ],
  "3-1-14": [ 1422.3616, 138.84416, -532.106 ],
  "3-1-15": [ 1335.6522, 118.480675, -740.591 ],
  "3-1-16": [ 1355.4738, 118.01001, -742.209 ],
  "3-1-17": [ 1398.3975, 127.01507, -769.613 ],
  "3-2-1": [ 1268.6038, 107.83134, -457.391 ],
  "3-2-2": [ 1284.0038, 107.09443, -414.334 ],
  "3-2-3": [ 1317.0428, 106.87741, -425.788 ],
  "3-2-4": [ 1312.3889, 106.8793, -453.98 ],
  "3-2-5": [ 1338.2208, 106.874664, -397.197 ],
  "3-2-6": [ 1387.3527, 106.87425, -423.341 ],
  "3-2-7": [ 1446.9364, 107.79708, -401.536 ],
  "3-2-8": [ 1438.5587, 122.18235, -467.95 ],
  "3-2-9": [ 1423.8807, 124.54978, -481.438 ],
  "3-2-10": [ 1483.9543, 115.96129, -446.092 ],
  "3-2-11": [ 1547.9482, 113.54719, -485.21 ],
  "3-2-12": [ 1533.3644, 135.355, -523.593 ],
  "3-2-13": [ 1489.3297, 139.802, -524.129 ],
  "3-2-14": [ 1580.447, 110.89938, -495.994 ],
  "3-2-15": [ 1403.1288, 163.38531, -672.494 ],
  "3-3-1": [ 1637.1284, 111.57947, -586.188 ],
  "3-3-2": [ 1599.1449, 111.20168, -604.992 ],
  "3-3-3": [ 1579.2415, 109.625404, -626.118 ],
  "3-3-4": [ 1608.6857, 112.41428, -624.816 ],
  "3-3-5": [ 1636.4196, 111.6, -603.747 ],
  "3-3-6": [ 1640.0033, 114.10015, -618.526 ],
  "3-3-7": [ 1631.7852, 113.83738, -642.011 ],
  "3-3-8": [ 1627.748, 113.97639, -681.149 ],
  "3-3-9": [ 1564.9512, 109.265236, -667.666 ],
  "3-3-10": [ 1598.6761, 113.272575, -655.203 ],
  "3-3-11": [ 1567.2847, 109.39358, -683.849 ],
  "3-3-12": [ 1516.51, 110.807556, -754.435 ],
  "3-3-13": [ 1543.0148, 107.68, -677.908 ],
  "3-3-14": [ 1529.3859, 110.63602, -766.657 ],
  "3-3-15": [ 1528.384, 107.65499, -680.014 ],
  "3-3-16": [ 1557.0208, 109.42456, -711.285 ],
  "3-3-17": [ 1579.5963, 109.45525, -727.466 ],
  "3-3-18": [ 1558.6086, 110.810776, -750.397 ],
  "3-3-19": [ 1581.0404, 109.75419, -765.358 ],
  "3-3-20": [ 1577.7737, 108.51887, -786.112 ],
  "3-3-21": [ 1567.3444, 109.25985, -773.443 ],
  "3-4-1": [ 1557.9932, 148.49863, -573.779 ],
  "3-4-2": [ 1542.5685, 150.396, -602.9 ],
  "3-4-3": [ 1510.425, 159.1086, -627.165 ],
  "3-4-4": [ 1504.174, 156.82823, -610.742 ],
  "3-4-5": [ 1518.4513, 152.58159, -600.178 ],
  "4-1-1": [ 1326.0043, 191.05098, -789.476 ],
  "4-1-2": [ 1313.2537, 187.21994, -800.739 ],
  "4-1-3": [ 1258.6984, 232.99533, -798.872 ],
  "4-1-4": [ 1398.1449, 259.9759, -948.958 ],
  "4-1-5": [ 1254.5764, 231.94565, -867.306 ],
  "4-1-6": [ 1263.686, 231.26201, -887.833 ],
  "4-1-7": [ 1225.5981, 239.51578, -835.693 ],
  "4-1-8": [ 1430.4899, 221.46411, -893.678 ],
  "4-2-1": [ 1186.2485, 255.95497, -714.115 ],
  "4-2-2": [ 980.532, 324.29407, -790.475 ],
  "4-2-3": [ 891.632, 290.7475, -726.974 ],
  "4-2-4": [ 870.5291, 292.76895, -759.284 ],
  "4-2-5": [ 847.737, 294.261, -760.171 ],
  "4-2-6": [ 798.2488, 295.3543, -775.654 ],
  "5-1-1": [ 765.95526, 297.598, -775.314 ],
  "5-1-2": [ 738.2669, 304.09116, -824.64 ],
  "5-1-3": [ 651.2396, 336.581, -990.302 ],
  "5-1-4": [ 722.3125, 301.796, -788.843 ],
  "5-1-5": [ 619.52386, 342.035, -1032.077 ],
  "5-1-6": [ 730.72144, 304.3952, -826.80194 ],
  "5-1-7": [ 728.76013, 313.474, -844.992 ],
  "5-1-8": [ 661.1661, 343.0235, -1013.18 ],
  "5-1-9": [ 689.47614, 308.95673, -823.834 ],
  "5-1-10": [ 722.8817, 314.38535, -862.055 ],
  "5-1-11": [ 670.3366, 352.486, -1102.322 ],
  "5-1-12": [ 699.7691, 315.1623, -873.444 ],
  "5-1-13": [ 592.914, 346.45, -1069.327 ],
  "5-1-14": [ 655.0146, 311.145, -837.386 ],
  "5-1-15": [ 661.17773, 315.225, -856.022 ],
  "5-1-16": [ 678.3368, 316.86, -873.519 ],
  "5-1-17": [ 685.0733, 324.221, -897.534 ],
  "5-1-18": [ 659.46326, 322.611, -902.889 ],
  "5-1-19": [ 654.4056, 326.352, -933.8 ],
  "5-1-20": [ 612.98004, 331.624, -946.922 ],
  "5-2-1": [ 641.0928, 361.6279, -1119.441 ],
  "5-2-2": [ 683.27325, 364.33542, -1152.442 ],
  "5-2-3": [ 652.9494, 361.70752, -1186.411 ],
  "5-2-4": [ 621.7926, 368.18106, -1207.534 ],
  "5-2-5": [ 647.7449, 372.94666, -1244.846 ],
  "5-2-6": [ 684.0408, 375.7238, -1233.234 ],
  "5-2-7": [ 729.71515, 366.01486, -1211.88 ],
  "5-2-8": [ 721.07025, 358.82217, -1128.209 ],
  "5-2-9": [ 709.3635, 360.61716, -1157.045 ],
  "5-2-10": [ 736.06866, 363.856, -1164.882 ],
  "5-2-11": [ 750.29114, 371.1398, -1167.331 ],
  "5-2-12": [ 744.8277, 365.95038, -1189.159 ],
  "5-2-13": [ 741.97107, 375.57123, -1123.141 ],
  "5-2-14": [ 776.38226, 375.52618, -1139.789 ],
  "5-2-15": [ 796.93665, 378.48047, -1183.039 ],
  "5-2-16": [ 775.4524, 373.86682, -1211.284 ],
  "5-2-17": [ 750.82416, 375.2538, -1231.052 ],
  "5-2-18": [ 782.8879, 385.35385, -1250.207 ],
  "5-2-19": [ 815.03577, 387.32285, -1242.429 ],
  "5-2-20": [ 828.946, 387.173, -1217.107 ],
  "5-2-21": [ 846.39886, 391.44836, -1216.813 ],
  "5-2-22": [ 843.39026, 390.8575, -1241.585 ],
  "5-2-23": [ 865.3236, 399.19443, -1275.509 ],
  "5-2-24": [ 877.3149, 396.91818, -1240.418 ],
  "5-2-25": [ 902.2001, 401.30612, -1253.411 ],
  "5-2-26": [ 898.1883, 401.94745, -1285.14 ],
  "5-3-1": [ 997.987, 396.41617, -1240.59 ],
  "5-3-2": [ 1055.2811, 394.511, -1218.197 ],
  "5-3-3": [ 1057.0312, 396.1446, -1267.314 ],
  "5-3-4": [ 1082.6277, 394.909, -1298.119 ],
  "5-3-5": [ 1126.372, 394.87918, -1257.996 ],
  "5-3-6": [ 1110.8551, 393.87692, -1228.992 ],
  "5-3-7": [ 1146.7217, 395.55356, -1214.02 ],
  "5-3-8": [ 1070.4153, 396.07645, -1181.78 ],
  "5-3-9": [ 1106.8676, 399.80942, -1180.257 ],
  "5-3-10": [ 1248.1694, 319.829, -1079.226 ],
  "5-3-11": [ 957.5488, 401.17807, -1260.109 ],
  "5-3-12": [ 985.62994, 399.9053, -1289.229 ],