{
  "1-1-1": [ 2845.467, 36.614, -1038.485 ],
  "1-1-2": [ 2843.5623, 50.538624, -1155.899 ],
  "1-1-3": [ 2995.64, 50.029, -1044.8 ],
  "1-1-4": [ 3026.123, 59.19, -863.263 ],
  "1-1-5": [ 3027.5466, 47.98538, -828.203 ],
  "1-1-6": [ 2706.321, 38.522, -897.694 ],
  "1-1-7": [ 2756.0642, 53.07718, -947.225 ],
  "1-1-8": [ 2939.2195, 51.645695, -890.802 ],
  "1-1-9": [ 2901.67, 43.51155, -956.14 ],
  "1-1-10": [ 2758.1775, 28.147131, -885.512 ],
  "1-1-11": [ 2695.9585, 74.89077, -1059.758 ],
  "4-1-1": [ 1899.0006, 131.19034, -1733.894 ],
  "4-1-2": [ 1769.4475, 170.525, -1850.895 ],
  "4-1-3": [ 1790.6346, 170.37459, -1970.455 ],
  "4-1-4": [ 1637.4147, 150.9245, -1935.294 ],
  "4-1-5": [ 1553.4471, 102.529, -1471.282 ],
  "4-1-6": [ 1835.2953, 119.064, -1423.519 ],
  "4-1-7": [ 1629.2001, 123.859, -1500.295 ],
  "4-1-8": [ 1640.544, 122.431, -1662.441 ],
  "4-1-9": [ 1475.2063, 124.439, -1912.936 ],
  "4-1-10": [ 1812.5724, 137, -1500.554 ],
  "4-1-11": [ 1771.2521, 100.215, -1351.323 ],
  "4-1-12": [ 1982.5543, 125.65, -1594.889 ],
  "5-1-1": [ 1866.6323, 123.882, -1160.349 ],
  "5-1-2": [ 2002.1222, 122.804, -1165.878 ],
  "5-1-3": [ 2141.4495, 154.78429, -1306.902 ],
  "5-1-4": [ 1913.426, 102.891, -1263.081 ],
  "5-1-5": [ 1703.3937, 100.295, -1271.364 ],
  "5-1-6": [ 1513.5747, 102.454, -1339.542 ],
  "5-1-7": [ 1379.3215, 99.85946, -1414.994 ],
  "5-1-8": [ 1158.9136, 104.006, -1401.035 ],
  "5-1-9": [ 1356.9264, 125.62, -1445.842 ],
  "5-1-10": [ 1118.2214, 124.987, -1513.141 ],
  "5-1-11": [ 1385.0574, 182.036, -1206.406 ],
  "5-1-12": [ 1493.3928, 137.195, -1212.87 ],
  "5-1-13": [ 1571.0824, 119.819, -1123.577 ],
  "5-1-14": [ 1657.7124, 123.919716, -1120.022 ],
  "5-1-15": [ 1757.7255, 119.836, -1176.093 ],
  "5-1-16": [ 1897.7378, 77.31867, -1010.904 ],
  "5-1-17": [ 1933.3049, 62.684, -864.692 ],
  "5-1-18": [ 1817.5621, 50.726524, -1021.676 ],
  "5-1-19": [ 1712.4163, 51.856, -984.328 ],
  "5-1-20": [ 1741.8289, 27.366, -908.355 ],
  "5-1-21": [ 2310.3599, 102.35688, -867.754 ],
  "6-1-1": [ 1216.1168, 439.182, -1256.351 ],
  "6-1-2": [ 1135.6335, 408.106, -1138.885 ],
  "6-1-3": [ 1011.4375, 324.1062, -1120.552 ],
  "6-1-4": [ 793.2703, 304.927, -958.951 ],
  "6-1-5": [ 678.807, 303.461, -1164.414 ],
  "6-1-6": [ 851.7057, 300.354, -1259.222 ],
  "6-1-7": [ 697.38544, 289.631, -1281.583 ],
  "6-1-8": [ 1251.8801, 376.138, -1133.998 ],
  "6-1-9": [ 757.57587, 277.555, -1449.904 ],
  "6-1-10": [ 704.53284, 49.696716, -1508.669 ],
  "6-1-11": [ 618.2202, 30.289415, -1322.722 ],
  "7-1-1": [ 3260.4072, 139.058, -1666.307 ],
  "7-1-2": [ 3164.0479, 117.136, -1504.806 ],
  "7-1-3": [ 2902.9255, 126.495, -1408.005 ],
  "7-1-4": [ 3300.0713, 100.29469, -1387.432 ],
  "7-1-5": [ 3395.081, 301.49, -1423.474 ],
  "7-1-6": [ 3611.139, 313.481, -1467.221 ],
  "7-1-7": [ 3639.874, 295.442, -1282.592 ],
  "7-1-8": [ 2745.1975, 89.859, -1134.795 ],
  "7-1-9": [ 2726.992, 126.88671, -1355.929 ],
  "7-1-10": [ 3134.3804, 84.294914, -1131.999 ],
  "7-1-11": [ 3096.0142, 97.01546, -960.987 ],
  "7-1-12": [ 3232.408, 60.313, -958.541 ],
  "7-1-13": [ 3220.125, 50.347, -1204.109 ],
  "8-1-1": [ 2789.0913, 118.99999, -1643.126 ],
  "8-1-2": [ 2705.5635, 100.009, -1768.12 ],
  "8-1-3": [ 2827.2507, 110.617, -1629.134 ],
  "8-1-4": [ 2844.7065, 116.506, -1647.88 ],
  "8-1-5": [ 2897.6675, 135.298, -1628.299 ],
  "8-1-6": [ 2938.5251, 119.78288, -1624.612 ],
  "8-1-7": [ 2870.8196, 149.477, -1748.421 ],
  "8-1-8": [ 2857.5256, 153.582, -1713.734 ],
  "8-1-9": [ 2945.535, 144.44276, -1706.932 ],
  "8-1-10": [ 2778.236, 108.903, -1815.592 ],
  "8-1-11": [ 3044.518, 153.905, -1805.803 ],
  "8-1-12": [ 3112.402, 132.59032, -1872.252 ],
  "8-1-13": [ 3156.5232, 100.069, -1759.778 ],
  "8-1-14": [ 3329.499, 159.417, -1927.745 ],
  "8-1-15": [ 3119.92, 110.42, -1934.241 ],
  "8-1-16": [ 3227.864, 160.062, -1981.746 ],
  "8-1-17": [ 3450.6865, 156.95605, -1868.286 ],
  "8-1-18": [ 3603.3108, 159.98636, -1845 ],
  "8-1-19": [ 3543.5562, 125.17, -1749.021 ],
  "8-1-20": [ 3440.8494, 114.854, -1718.778 ],
  "9-1-1": [ 1136.7812, 150.49757, -2016.167 ],
  "9-1-2": [ 1198.0536, 160.16187, -1937.424 ],
  "9-1-3": [ 1160.7703, 156.032, -1682.58 ],
  "9-1-4": [ 1081.689, 191.825, -2092.869 ],
  "9-1-5": [ 947.6973, 205.406, -2092.656 ],
  "9-1-6": [ 1270.208, 274.854, -2192.344 ],
  "9-1-7": [ 1037.17, 158.25974, -1761.818 ],
  "9-1-8": [ 1698.0283, 299.58, -2470.444 ],
  "9-1-9": [ 1401.9097, 155.203, -1984.84 ],
  "9-1-10": [ 1854.1393, 153.98119, -2018.318 ],
  "9-1-11": [ 1518.1447, 202.65892, -2222.884 ],
  "9-1-12": [ 1049.826, 219.624, -1841.302 ],
  "9-1-13": [ 740.9347, 276.129, -1975.816 ],
  "9-1-14": [ 977.81, 231.772, -1448.517 ],
  "9-1-15": [ 902.24927, 202.204, -1486.805 ],
  "9-1-16": [ 552.87463, 310.0584, -2123.151 ],
  "9-1-17": [ 526.2075, 257.5541, -1978.386 ],
  "9-1-18": [ 516.06586, 258.93277, -1988.088 ],
  "9-1-19": [ 406.85233, 345.942, -2296.848 ],
  "9-1-20": [ 461.65933, 261.267, -2430.324 ],
  "9-1-21": [ 615.57446, 204.40112, -2567.678 ],
  "9-2-1": [ 703.6389, 317.623, -2203.918 ],
  "9-2-2": [ 904.748, 280.404, -2198.13 ],
  "9-2-3": [ 807.161, 261.463, -2294.684 ],
  "9-2-4": [ 726.8064, 250.554, -2313.824 ],
  "9-2-5": [ 1541.4001, 254.81822, -2677.292 ],
  "9-2-6": [ 1289.9803, 236.96513, -2473.336 ],
  "9-2-7": [ 1613.5505, 194.594, -3008.886 ],
  "9-2-8": [ 1091.2606, 283.35077, -2288.283 ],
  "9-2-9": [ 1121.5624, 247.51, -2441.588 ],
  "9-2-10": [ 1135.403, 200.28, -2657.236 ],
  "9-2-11": [ 1393.0848, 241.63, -2588.953 ],
  "10-1-1": [ 1355.4225, 154.228, -3070.513 ],
  "10-1-2": [ 932.8021, 154.328, -3069.857 ],
  "10-1-3": [ 1088.3599, 150.072, -3039.058 ],
  "10-1-4": [ 1168.1425, 165.906, -2810.181 ],
  "10-1-5": [ 967.2324, 154.021, -2574.592 ],
  "10-1-6": [ 969.512, 205.849, -2746.752 ],
  "10-1-7": [ 752.812, 149.851, -2982.663 ],
  "10-1-8": [ 708.866, 151.058, -2632.248 ],
  "10-1-9": [ 407.1229, 153.71, -2811.957 ],
  "10-1-10": [ 796.517, 206.454, -2833.264 ],
  "11-1-1": [ 680.07526, 72.338, -3022.125 ],
  "11-1-2": [ 758.8083, 97.049, -3209.514 ],
  "11-1-3": [ 457.581, 28.332, -3201.192 ],
  "11-1-4": [ 577.3071, 27.293, -3590.295 ],
  "11-1-5": [ 641.5924, 52.289223, -3604.116 ],
  "11-1-6": [ 914.7816, 69.557, -3469.828 ],
  "11-1-7": [ 1080.179, 68.4, -3506.444 ],
  "11-1-8": [ 980.33856, 100.343, -3298.26 ],
  "11-1-9": [ 1281.2114, 72.793, -3441.391 ],
  "11-1-10": [ 1404.0607, 106.93168, -3595.316 ],
  "11-1-11": [ 1420.5525, 108.026, -3379.739 ],
  "12-1-1": [ 1619.1842, 151.259, -3349.24 ],
  "12-1-2": [ 1491.2551, 126.809, -3376.43 ],
  "12-1-3": [ 1730.0283, 102.642, -3721.919 ],
  "12-1-4": [ 1842.9199, 100.34152, -3608.054 ],
  "12-1-5": [ 2055.4146, 150.636, -3465.063 ],
  "12-1-6": [ 1876.1418, 150.488, -3344.767 ],
  "12-1-7": [ 2240.985, 163.175, -3496.316 ],
  "12-1-8": [ 2155.9333, 153.8733, -3913.194 ],
  "12-1-9": [ 2256.0447, 181.19315, -3807.589 ],
  "12-1-10": [ 2204.459, 200.011, -3210.86 ],
  "12-1-11": [ 2104.338, 200.007, -3112.235 ],
  "12-1-12": [ 2155.035, 184.779, -3240.255 ],
  "12-1-13": [ 1967.685, 228.104, -2885.821 ],
  "12-1-14": [ 1788.2504, 198.625, -2889.617 ],
  "12-1-15": [ 1826.5359, 160.854, -3002.231 ],
  "12-1-16": [ 1691.5563, 155.739, -3033.022 ],
  "12-1-17": [ 1518.1082, 162.791, -3265.582 ],
  "13-1-1": [ 3528.1975, 165.69916, -3543.603 ],
  "13-1-2": [ 3416.95, 165.057, -3545.65 ],
  "13-1-3": [ 3213.6755, 164.828, -3475.689 ],
  "13-1-4": [ 3339.4155, 149.762, -3180.274 ],
  "13-1-5": [ 3116.5674, 139, -3315.564 ],
  "14-1-1": [ 4159.2573, 75.513, -2840.708 ],
  "14-1-2": [ 4236.472, 113.233, -2890.783 ],
  "14-1-3": [ 4254.321, 98.49, -3073.784 ],
  "14-1-4": [ 4556.84, 131.992, -3100.284 ],
  "14-1-5": [ 4473.559, 97.826, -3155.787 ],
  "14-1-6": [ 4079.3474, 151.717, -3083.227 ],
  "14-1-7": [ 4064.9348, 175.008, -3205.413 ],
  "14-1-8": [ 3910.8123, 110.285385, -2703.162 ],
  "14-1-9": [ 3733.5237, 152.13, -2828.176 ],